https://raw.githubusercontent.com/luise-strietzel/slurk-bots/master/image_selection/form2/source/10053.png,https://raw.githubusercontent.com/luise-strietzel/slurk-bots/master/image_selection/form2/target/10053.png
https://raw.githubusercontent.com/luise-strietzel/slurk-bots/master/image_selection/form2/source/10129.png,https://raw.githubusercontent.com/luise-strietzel/slurk-bots/master/image_selection/form2/target/10129.png
https://raw.githubusercontent.com/luise-strietzel/slurk-bots/master/image_selection/form2/source/10136.png,https://raw.githubusercontent.com/luise-strietzel/slurk-bots/master/image_selection/form2/target/10136.png
https://raw.githubusercontent.com/luise-strietzel/slurk-bots/master/image_selection/form2/source/10177.png,https://raw.githubusercontent.com/luise-strietzel/slurk-bots/master/image_selection/form2/target/10177.png
https://raw.githubusercontent.com/luise-strietzel/slurk-bots/master/image_selection/form2/source/10353.png,https://raw.githubusercontent.com/luise-strietzel/slurk-bots/master/image_selection/form2/target/10353.png
https://raw.githubusercontent.com/luise-strietzel/slurk-bots/master/image_selection/form2/source/10393.png,https://raw.githubusercontent.com/luise-strietzel/slurk-bots/master/image_selection/form2/target/10393.png
https://raw.githubusercontent.com/luise-strietzel/slurk-bots/master/image_selection/form2/source/10416.png,https://raw.githubusercontent.com/luise-strietzel/slurk-bots/master/image_selection/form2/target/10416.png
https://raw.githubusercontent.com/luise-strietzel/slurk-bots/master/image_selection/form2/source/10442.png,https://raw.githubusercontent.com/luise-strietzel/slurk-bots/master/image_selection/form2/target/10442.png
https://raw.githubusercontent.com/luise-strietzel/slurk-bots/master/image_selection/form2/source/10452.png,https://raw.githubusercontent.com/luise-strietzel/slurk-bots/master/image_selection/form2/target/10452.png
https://raw.githubusercontent.com/luise-strietzel/slurk-bots/master/image_selection/form2/source/10506.png,https://raw.githubusercontent.com/luise-strietzel/slurk-bots/master/image_selection/form2/target/10506.png
https://raw.githubusercontent.com/luise-strietzel/slurk-bots/master/image_selection/form2/source/10529.png,https://raw.githubusercontent.com/luise-strietzel/slurk-bots/master/image_selection/form2/target/10529.png
https://raw.githubusercontent.com/luise-strietzel/slurk-bots/master/image_selection/form2/source/10543.png,https://raw.githubusercontent.com/luise-strietzel/slurk-bots/master/image_selection/form2/target/10543.png
https://raw.githubusercontent.com/luise-strietzel/slurk-bots/master/image_selection/form2/source/10572.png,https://raw.githubusercontent.com/luise-strietzel/slurk-bots/master/image_selection/form2/target/10572.png
https://raw.githubusercontent.com/luise-strietzel/slurk-bots/master/image_selection/form2/source/10629.png,https://raw.githubusercontent.com/luise-strietzel/slurk-bots/master/image_selection/form2/target/10629.png
https://raw.githubusercontent.com/luise-strietzel/slurk-bots/master/image_selection/form2/source/10641.png,https://raw.githubusercontent.com/luise-strietzel/slurk-bots/master/image_selection/form2/target/10641.png
https://raw.githubusercontent.com/luise-strietzel/slurk-bots/master/image_selection/form2/source/10685.png,https://raw.githubusercontent.com/luise-strietzel/slurk-bots/master/image_selection/form2/target/10685.png
https://raw.githubusercontent.com/luise-strietzel/slurk-bots/master/image_selection/form2/source/10691.png,https://raw.githubusercontent.com/luise-strietzel/slurk-bots/master/image_selection/form2/target/10691.png
https://raw.githubusercontent.com/luise-strietzel/slurk-bots/master/image_selection/form2/source/10764.png,https://raw.githubusercontent.com/luise-strietzel/slurk-bots/master/image_selection/form2/target/10764.png
https://raw.githubusercontent.com/luise-strietzel/slurk-bots/master/image_selection/form2/source/10771.png,https://raw.githubusercontent.com/luise-strietzel/slurk-bots/master/image_selection/form2/target/10771.png
https://raw.githubusercontent.com/luise-strietzel/slurk-bots/master/image_selection/form2/source/10772.png,https://raw.githubusercontent.com/luise-strietzel/slurk-bots/master/image_selection/form2/target/10772.png
https://raw.githubusercontent.com/luise-strietzel/slurk-bots/master/image_selection/form2/source/10829.png,https://raw.githubusercontent.com/luise-strietzel/slurk-bots/master/image_selection/form2/target/10829.png
https://raw.githubusercontent.com/luise-strietzel/slurk-bots/master/image_selection/form2/source/10878.png,https://raw.githubusercontent.com/luise-strietzel/slurk-bots/master/image_selection/form2/target/10878.png
https://raw.githubusercontent.com/luise-strietzel/slurk-bots/master/image_selection/form2/source/11040.png,https://raw.githubusercontent.com/luise-strietzel/slurk-bots/master/image_selection/form2/target/11040.png
https://raw.githubusercontent.com/luise-strietzel/slurk-bots/master/image_selection/form2/source/11128.png,https://raw.githubusercontent.com/luise-strietzel/slurk-bots/master/image_selection/form2/target/11128.png
https://raw.githubusercontent.com/luise-strietzel/slurk-bots/master/image_selection/form2/source/11142.png,https://raw.githubusercontent.com/luise-strietzel/slurk-bots/master/image_selection/form2/target/11142.png
https://raw.githubusercontent.com/luise-strietzel/slurk-bots/master/image_selection/form2/source/11182.png,https://raw.githubusercontent.com/luise-strietzel/slurk-bots/master/image_selection/form2/target/11182.png
https://raw.githubusercontent.com/luise-strietzel/slurk-bots/master/image_selection/form2/source/11183.png,https://raw.githubusercontent.com/luise-strietzel/slurk-bots/master/image_selection/form2/target/11183.png
https://raw.githubusercontent.com/luise-strietzel/slurk-bots/master/image_selection/form2/source/11293.png,https://raw.githubusercontent.com/luise-strietzel/slurk-bots/master/image_selection/form2/target/11293.png
https://raw.githubusercontent.com/luise-strietzel/slurk-bots/master/image_selection/form2/source/11345.png,https://raw.githubusercontent.com/luise-strietzel/slurk-bots/master/image_selection/form2/target/11345.png
https://raw.githubusercontent.com/luise-strietzel/slurk-bots/master/image_selection/form2/source/11347.png,https://raw.githubusercontent.com/luise-strietzel/slurk-bots/master/image_selection/form2/target/11347.png
https://raw.githubusercontent.com/luise-strietzel/slurk-bots/master/image_selection/form2/source/11418.png,https://raw.githubusercontent.com/luise-strietzel/slurk-bots/master/image_selection/form2/target/11418.png
https://raw.githubusercontent.com/luise-strietzel/slurk-bots/master/image_selection/form2/source/11464.png,https://raw.githubusercontent.com/luise-strietzel/slurk-bots/master/image_selection/form2/target/11464.png
https://raw.githubusercontent.com/luise-strietzel/slurk-bots/master/image_selection/form2/source/11470.png,https://raw.githubusercontent.com/luise-strietzel/slurk-bots/master/image_selection/form2/target/11470.png
https://raw.githubusercontent.com/luise-strietzel/slurk-bots/master/image_selection/form2/source/11482.png,https://raw.githubusercontent.com/luise-strietzel/slurk-bots/master/image_selection/form2/target/11482.png
https://raw.githubusercontent.com/luise-strietzel/slurk-bots/master/image_selection/form2/source/11500.png,https://raw.githubusercontent.com/luise-strietzel/slurk-bots/master/image_selection/form2/target/11500.png
https://raw.githubusercontent.com/luise-strietzel/slurk-bots/master/image_selection/form2/source/11501.png,https://raw.githubusercontent.com/luise-strietzel/slurk-bots/master/image_selection/form2/target/11501.png
https://raw.githubusercontent.com/luise-strietzel/slurk-bots/master/image_selection/form2/source/11586.png,https://raw.githubusercontent.com/luise-strietzel/slurk-bots/master/image_selection/form2/target/11586.png
https://raw.githubusercontent.com/luise-strietzel/slurk-bots/master/image_selection/form2/source/11637.png,https://raw.githubusercontent.com/luise-strietzel/slurk-bots/master/image_selection/form2/target/11637.png
https://raw.githubusercontent.com/luise-strietzel/slurk-bots/master/image_selection/form2/source/11647.png,https://raw.githubusercontent.com/luise-strietzel/slurk-bots/master/image_selection/form2/target/11647.png
https://raw.githubusercontent.com/luise-strietzel/slurk-bots/master/image_selection/form2/source/11687.png,https://raw.githubusercontent.com/luise-strietzel/slurk-bots/master/image_selection/form2/target/11687.png
https://raw.githubusercontent.com/luise-strietzel/slurk-bots/master/image_selection/form2/source/11861.png,https://raw.githubusercontent.com/luise-strietzel/slurk-bots/master/image_selection/form2/target/11861.png
https://raw.githubusercontent.com/luise-strietzel/slurk-bots/master/image_selection/form2/source/11900.png,https://raw.githubusercontent.com/luise-strietzel/slurk-bots/master/image_selection/form2/target/11900.png
https://raw.githubusercontent.com/luise-strietzel/slurk-bots/master/image_selection/form2/source/11973.png,https://raw.githubusercontent.com/luise-strietzel/slurk-bots/master/image_selection/form2/target/11973.png
https://raw.githubusercontent.com/luise-strietzel/slurk-bots/master/image_selection/form2/source/12008.png,https://raw.githubusercontent.com/luise-strietzel/slurk-bots/master/image_selection/form2/target/12008.png
https://raw.githubusercontent.com/luise-strietzel/slurk-bots/master/image_selection/form2/source/12027.png,https://raw.githubusercontent.com/luise-strietzel/slurk-bots/master/image_selection/form2/target/12027.png
https://raw.githubusercontent.com/luise-strietzel/slurk-bots/master/image_selection/form2/source/12092.png,https://raw.githubusercontent.com/luise-strietzel/slurk-bots/master/image_selection/form2/target/12092.png
https://raw.githubusercontent.com/luise-strietzel/slurk-bots/master/image_selection/form2/source/12163.png,https://raw.githubusercontent.com/luise-strietzel/slurk-bots/master/image_selection/form2/target/12163.png
https://raw.githubusercontent.com/luise-strietzel/slurk-bots/master/image_selection/form2/source/12182.png,https://raw.githubusercontent.com/luise-strietzel/slurk-bots/master/image_selection/form2/target/12182.png
https://raw.githubusercontent.com/luise-strietzel/slurk-bots/master/image_selection/form2/source/12205.png,https://raw.githubusercontent.com/luise-strietzel/slurk-bots/master/image_selection/form2/target/12205.png
https://raw.githubusercontent.com/luise-strietzel/slurk-bots/master/image_selection/form2/source/12267.png,https://raw.githubusercontent.com/luise-strietzel/slurk-bots/master/image_selection/form2/target/12267.png
https://raw.githubusercontent.com/luise-strietzel/slurk-bots/master/image_selection/form2/source/12331.png,https://raw.githubusercontent.com/luise-strietzel/slurk-bots/master/image_selection/form2/target/12331.png
https://raw.githubusercontent.com/luise-strietzel/slurk-bots/master/image_selection/form2/source/12340.png,https://raw.githubusercontent.com/luise-strietzel/slurk-bots/master/image_selection/form2/target/12340.png
https://raw.githubusercontent.com/luise-strietzel/slurk-bots/master/image_selection/form2/source/12349.png,https://raw.githubusercontent.com/luise-strietzel/slurk-bots/master/image_selection/form2/target/12349.png
https://raw.githubusercontent.com/luise-strietzel/slurk-bots/master/image_selection/form2/source/12358.png,https://raw.githubusercontent.com/luise-strietzel/slurk-bots/master/image_selection/form2/target/12358.png
https://raw.githubusercontent.com/luise-strietzel/slurk-bots/master/image_selection/form2/source/12381.png,https://raw.githubusercontent.com/luise-strietzel/slurk-bots/master/image_selection/form2/target/12381.png
https://raw.githubusercontent.com/luise-strietzel/slurk-bots/master/image_selection/form2/source/12394.png,https://raw.githubusercontent.com/luise-strietzel/slurk-bots/master/image_selection/form2/target/12394.png
https://raw.githubusercontent.com/luise-strietzel/slurk-bots/master/image_selection/form2/source/12397.png,https://raw.githubusercontent.com/luise-strietzel/slurk-bots/master/image_selection/form2/target/12397.png
https://raw.githubusercontent.com/luise-strietzel/slurk-bots/master/image_selection/form2/source/12427.png,https://raw.githubusercontent.com/luise-strietzel/slurk-bots/master/image_selection/form2/target/12427.png
https://raw.githubusercontent.com/luise-strietzel/slurk-bots/master/image_selection/form2/source/12571.png,https://raw.githubusercontent.com/luise-strietzel/slurk-bots/master/image_selection/form2/target/12571.png
https://raw.githubusercontent.com/luise-strietzel/slurk-bots/master/image_selection/form2/source/12625.png,https://raw.githubusercontent.com/luise-strietzel/slurk-bots/master/image_selection/form2/target/12625.png
https://raw.githubusercontent.com/luise-strietzel/slurk-bots/master/image_selection/form2/source/12723.png,https://raw.githubusercontent.com/luise-strietzel/slurk-bots/master/image_selection/form2/target/12723.png
https://raw.githubusercontent.com/luise-strietzel/slurk-bots/master/image_selection/form2/source/12856.png,https://raw.githubusercontent.com/luise-strietzel/slurk-bots/master/image_selection/form2/target/12856.png
https://raw.githubusercontent.com/luise-strietzel/slurk-bots/master/image_selection/form2/source/12877.png,https://raw.githubusercontent.com/luise-strietzel/slurk-bots/master/image_selection/form2/target/12877.png
https://raw.githubusercontent.com/luise-strietzel/slurk-bots/master/image_selection/form2/source/12909.png,https://raw.githubusercontent.com/luise-strietzel/slurk-bots/master/image_selection/form2/target/12909.png
https://raw.githubusercontent.com/luise-strietzel/slurk-bots/master/image_selection/form2/source/12961.png,https://raw.githubusercontent.com/luise-strietzel/slurk-bots/master/image_selection/form2/target/12961.png
https://raw.githubusercontent.com/luise-strietzel/slurk-bots/master/image_selection/form2/source/12984.png,https://raw.githubusercontent.com/luise-strietzel/slurk-bots/master/image_selection/form2/target/12984.png
https://raw.githubusercontent.com/luise-strietzel/slurk-bots/master/image_selection/form2/source/12992.png,https://raw.githubusercontent.com/luise-strietzel/slurk-bots/master/image_selection/form2/target/12992.png
https://raw.githubusercontent.com/luise-strietzel/slurk-bots/master/image_selection/form2/source/13017.png,https://raw.githubusercontent.com/luise-strietzel/slurk-bots/master/image_selection/form2/target/13017.png
https://raw.githubusercontent.com/luise-strietzel/slurk-bots/master/image_selection/form2/source/13049.png,https://raw.githubusercontent.com/luise-strietzel/slurk-bots/master/image_selection/form2/target/13049.png
https://raw.githubusercontent.com/luise-strietzel/slurk-bots/master/image_selection/form2/source/13128.png,https://raw.githubusercontent.com/luise-strietzel/slurk-bots/master/image_selection/form2/target/13128.png
https://raw.githubusercontent.com/luise-strietzel/slurk-bots/master/image_selection/form2/source/13155.png,https://raw.githubusercontent.com/luise-strietzel/slurk-bots/master/image_selection/form2/target/13155.png
https://raw.githubusercontent.com/luise-strietzel/slurk-bots/master/image_selection/form2/source/13157.png,https://raw.githubusercontent.com/luise-strietzel/slurk-bots/master/image_selection/form2/target/13157.png
https://raw.githubusercontent.com/luise-strietzel/slurk-bots/master/image_selection/form2/source/13196.png,https://raw.githubusercontent.com/luise-strietzel/slurk-bots/master/image_selection/form2/target/13196.png
https://raw.githubusercontent.com/luise-strietzel/slurk-bots/master/image_selection/form2/source/13228.png,https://raw.githubusercontent.com/luise-strietzel/slurk-bots/master/image_selection/form2/target/13228.png
https://raw.githubusercontent.com/luise-strietzel/slurk-bots/master/image_selection/form2/source/13283.png,https://raw.githubusercontent.com/luise-strietzel/slurk-bots/master/image_selection/form2/target/13283.png
https://raw.githubusercontent.com/luise-strietzel/slurk-bots/master/image_selection/form2/source/13286.png,https://raw.githubusercontent.com/luise-strietzel/slurk-bots/master/image_selection/form2/target/13286.png
https://raw.githubusercontent.com/luise-strietzel/slurk-bots/master/image_selection/form2/source/13291.png,https://raw.githubusercontent.com/luise-strietzel/slurk-bots/master/image_selection/form2/target/13291.png
https://raw.githubusercontent.com/luise-strietzel/slurk-bots/master/image_selection/form2/source/13318.png,https://raw.githubusercontent.com/luise-strietzel/slurk-bots/master/image_selection/form2/target/13318.png
https://raw.githubusercontent.com/luise-strietzel/slurk-bots/master/image_selection/form2/source/13360.png,https://raw.githubusercontent.com/luise-strietzel/slurk-bots/master/image_selection/form2/target/13360.png
https://raw.githubusercontent.com/luise-strietzel/slurk-bots/master/image_selection/form2/source/13415.png,https://raw.githubusercontent.com/luise-strietzel/slurk-bots/master/image_selection/form2/target/13415.png
https://raw.githubusercontent.com/luise-strietzel/slurk-bots/master/image_selection/form2/source/13445.png,https://raw.githubusercontent.com/luise-strietzel/slurk-bots/master/image_selection/form2/target/13445.png
https://raw.githubusercontent.com/luise-strietzel/slurk-bots/master/image_selection/form2/source/13532.png,https://raw.githubusercontent.com/luise-strietzel/slurk-bots/master/image_selection/form2/target/13532.png
https://raw.githubusercontent.com/luise-strietzel/slurk-bots/master/image_selection/form2/source/13544.png,https://raw.githubusercontent.com/luise-strietzel/slurk-bots/master/image_selection/form2/target/13544.png
https://raw.githubusercontent.com/luise-strietzel/slurk-bots/master/image_selection/form2/source/13595.png,https://raw.githubusercontent.com/luise-strietzel/slurk-bots/master/image_selection/form2/target/13595.png
https://raw.githubusercontent.com/luise-strietzel/slurk-bots/master/image_selection/form2/source/13599.png,https://raw.githubusercontent.com/luise-strietzel/slurk-bots/master/image_selection/form2/target/13599.png
https://raw.githubusercontent.com/luise-strietzel/slurk-bots/master/image_selection/form2/source/13739.png,https://raw.githubusercontent.com/luise-strietzel/slurk-bots/master/image_selection/form2/target/13739.png
https://raw.githubusercontent.com/luise-strietzel/slurk-bots/master/image_selection/form2/source/13757.png,https://raw.githubusercontent.com/luise-strietzel/slurk-bots/master/image_selection/form2/target/13757.png
https://raw.githubusercontent.com/luise-strietzel/slurk-bots/master/image_selection/form2/source/13765.png,https://raw.githubusercontent.com/luise-strietzel/slurk-bots/master/image_selection/form2/target/13765.png
https://raw.githubusercontent.com/luise-strietzel/slurk-bots/master/image_selection/form2/source/13867.png,https://raw.githubusercontent.com/luise-strietzel/slurk-bots/master/image_selection/form2/target/13867.png
https://raw.githubusercontent.com/luise-strietzel/slurk-bots/master/image_selection/form2/source/13933.png,https://raw.githubusercontent.com/luise-strietzel/slurk-bots/master/image_selection/form2/target/13933.png
https://raw.githubusercontent.com/luise-strietzel/slurk-bots/master/image_selection/form2/source/14035.png,https://raw.githubusercontent.com/luise-strietzel/slurk-bots/master/image_selection/form2/target/14035.png
https://raw.githubusercontent.com/luise-strietzel/slurk-bots/master/image_selection/form2/source/14074.png,https://raw.githubusercontent.com/luise-strietzel/slurk-bots/master/image_selection/form2/target/14074.png
https://raw.githubusercontent.com/luise-strietzel/slurk-bots/master/image_selection/form2/source/14186.png,https://raw.githubusercontent.com/luise-strietzel/slurk-bots/master/image_selection/form2/target/14186.png
https://raw.githubusercontent.com/luise-strietzel/slurk-bots/master/image_selection/form2/source/14217.png,https://raw.githubusercontent.com/luise-strietzel/slurk-bots/master/image_selection/form2/target/14217.png
https://raw.githubusercontent.com/luise-strietzel/slurk-bots/master/image_selection/form2/source/14253.png,https://raw.githubusercontent.com/luise-strietzel/slurk-bots/master/image_selection/form2/target/14253.png
https://raw.githubusercontent.com/luise-strietzel/slurk-bots/master/image_selection/form2/source/14277.png,https://raw.githubusercontent.com/luise-strietzel/slurk-bots/master/image_selection/form2/target/14277.png
https://raw.githubusercontent.com/luise-strietzel/slurk-bots/master/image_selection/form2/source/14294.png,https://raw.githubusercontent.com/luise-strietzel/slurk-bots/master/image_selection/form2/target/14294.png
https://raw.githubusercontent.com/luise-strietzel/slurk-bots/master/image_selection/form2/source/14348.png,https://raw.githubusercontent.com/luise-strietzel/slurk-bots/master/image_selection/form2/target/14348.png
https://raw.githubusercontent.com/luise-strietzel/slurk-bots/master/image_selection/form2/source/14365.png,https://raw.githubusercontent.com/luise-strietzel/slurk-bots/master/image_selection/form2/target/14365.png
https://raw.githubusercontent.com/luise-strietzel/slurk-bots/master/image_selection/form2/source/14395.png,https://raw.githubusercontent.com/luise-strietzel/slurk-bots/master/image_selection/form2/target/14395.png
https://raw.githubusercontent.com/luise-strietzel/slurk-bots/master/image_selection/form2/source/14435.png,https://raw.githubusercontent.com/luise-strietzel/slurk-bots/master/image_selection/form2/target/14435.png
https://raw.githubusercontent.com/luise-strietzel/slurk-bots/master/image_selection/form2/source/14453.png,https://raw.githubusercontent.com/luise-strietzel/slurk-bots/master/image_selection/form2/target/14453.png
https://raw.githubusercontent.com/luise-strietzel/slurk-bots/master/image_selection/form2/source/14487.png,https://raw.githubusercontent.com/luise-strietzel/slurk-bots/master/image_selection/form2/target/14487.png
https://raw.githubusercontent.com/luise-strietzel/slurk-bots/master/image_selection/form2/source/14511.png,https://raw.githubusercontent.com/luise-strietzel/slurk-bots/master/image_selection/form2/target/14511.png
https://raw.githubusercontent.com/luise-strietzel/slurk-bots/master/image_selection/form2/source/14596.png,https://raw.githubusercontent.com/luise-strietzel/slurk-bots/master/image_selection/form2/target/14596.png
https://raw.githubusercontent.com/luise-strietzel/slurk-bots/master/image_selection/form2/source/14625.png,https://raw.githubusercontent.com/luise-strietzel/slurk-bots/master/image_selection/form2/target/14625.png
https://raw.githubusercontent.com/luise-strietzel/slurk-bots/master/image_selection/form2/source/14703.png,https://raw.githubusercontent.com/luise-strietzel/slurk-bots/master/image_selection/form2/target/14703.png
https://raw.githubusercontent.com/luise-strietzel/slurk-bots/master/image_selection/form2/source/14752.png,https://raw.githubusercontent.com/luise-strietzel/slurk-bots/master/image_selection/form2/target/14752.png
https://raw.githubusercontent.com/luise-strietzel/slurk-bots/master/image_selection/form2/source/14788.png,https://raw.githubusercontent.com/luise-strietzel/slurk-bots/master/image_selection/form2/target/14788.png
https://raw.githubusercontent.com/luise-strietzel/slurk-bots/master/image_selection/form2/source/14811.png,https://raw.githubusercontent.com/luise-strietzel/slurk-bots/master/image_selection/form2/target/14811.png
https://raw.githubusercontent.com/luise-strietzel/slurk-bots/master/image_selection/form2/source/14880.png,https://raw.githubusercontent.com/luise-strietzel/slurk-bots/master/image_selection/form2/target/14880.png
https://raw.githubusercontent.com/luise-strietzel/slurk-bots/master/image_selection/form2/source/14884.png,https://raw.githubusercontent.com/luise-strietzel/slurk-bots/master/image_selection/form2/target/14884.png
https://raw.githubusercontent.com/luise-strietzel/slurk-bots/master/image_selection/form2/source/14973.png,https://raw.githubusercontent.com/luise-strietzel/slurk-bots/master/image_selection/form2/target/14973.png
https://raw.githubusercontent.com/luise-strietzel/slurk-bots/master/image_selection/form2/source/14978.png,https://raw.githubusercontent.com/luise-strietzel/slurk-bots/master/image_selection/form2/target/14978.png
https://raw.githubusercontent.com/luise-strietzel/slurk-bots/master/image_selection/form2/source/14987.png,https://raw.githubusercontent.com/luise-strietzel/slurk-bots/master/image_selection/form2/target/14987.png
https://raw.githubusercontent.com/luise-strietzel/slurk-bots/master/image_selection/form2/source/14992.png,https://raw.githubusercontent.com/luise-strietzel/slurk-bots/master/image_selection/form2/target/14992.png
https://raw.githubusercontent.com/luise-strietzel/slurk-bots/master/image_selection/form2/source/15010.png,https://raw.githubusercontent.com/luise-strietzel/slurk-bots/master/image_selection/form2/target/15010.png
https://raw.githubusercontent.com/luise-strietzel/slurk-bots/master/image_selection/form2/source/15017.png,https://raw.githubusercontent.com/luise-strietzel/slurk-bots/master/image_selection/form2/target/15017.png
https://raw.githubusercontent.com/luise-strietzel/slurk-bots/master/image_selection/form2/source/15036.png,https://raw.githubusercontent.com/luise-strietzel/slurk-bots/master/image_selection/form2/target/15036.png
https://raw.githubusercontent.com/luise-strietzel/slurk-bots/master/image_selection/form2/source/15112.png,https://raw.githubusercontent.com/luise-strietzel/slurk-bots/master/image_selection/form2/target/15112.png
https://raw.githubusercontent.com/luise-strietzel/slurk-bots/master/image_selection/form2/source/15135.png,https://raw.githubusercontent.com/luise-strietzel/slurk-bots/master/image_selection/form2/target/15135.png
https://raw.githubusercontent.com/luise-strietzel/slurk-bots/master/image_selection/form2/source/15194.png,https://raw.githubusercontent.com/luise-strietzel/slurk-bots/master/image_selection/form2/target/15194.png
https://raw.githubusercontent.com/luise-strietzel/slurk-bots/master/image_selection/form2/source/15250.png,https://raw.githubusercontent.com/luise-strietzel/slurk-bots/master/image_selection/form2/target/15250.png
https://raw.githubusercontent.com/luise-strietzel/slurk-bots/master/image_selection/form2/source/15261.png,https://raw.githubusercontent.com/luise-strietzel/slurk-bots/master/image_selection/form2/target/15261.png
https://raw.githubusercontent.com/luise-strietzel/slurk-bots/master/image_selection/form2/source/15290.png,https://raw.githubusercontent.com/luise-strietzel/slurk-bots/master/image_selection/form2/target/15290.png
https://raw.githubusercontent.com/luise-strietzel/slurk-bots/master/image_selection/form2/source/15332.png,https://raw.githubusercontent.com/luise-strietzel/slurk-bots/master/image_selection/form2/target/15332.png
https://raw.githubusercontent.com/luise-strietzel/slurk-bots/master/image_selection/form2/source/15390.png,https://raw.githubusercontent.com/luise-strietzel/slurk-bots/master/image_selection/form2/target/15390.png
https://raw.githubusercontent.com/luise-strietzel/slurk-bots/master/image_selection/form2/source/15403.png,https://raw.githubusercontent.com/luise-strietzel/slurk-bots/master/image_selection/form2/target/15403.png
https://raw.githubusercontent.com/luise-strietzel/slurk-bots/master/image_selection/form2/source/15416.png,https://raw.githubusercontent.com/luise-strietzel/slurk-bots/master/image_selection/form2/target/15416.png
https://raw.githubusercontent.com/luise-strietzel/slurk-bots/master/image_selection/form2/source/15463.png,https://raw.githubusercontent.com/luise-strietzel/slurk-bots/master/image_selection/form2/target/15463.png
https://raw.githubusercontent.com/luise-strietzel/slurk-bots/master/image_selection/form2/source/15466.png,https://raw.githubusercontent.com/luise-strietzel/slurk-bots/master/image_selection/form2/target/15466.png
https://raw.githubusercontent.com/luise-strietzel/slurk-bots/master/image_selection/form2/source/15467.png,https://raw.githubusercontent.com/luise-strietzel/slurk-bots/master/image_selection/form2/target/15467.png
https://raw.githubusercontent.com/luise-strietzel/slurk-bots/master/image_selection/form2/source/15540.png,https://raw.githubusercontent.com/luise-strietzel/slurk-bots/master/image_selection/form2/target/15540.png
https://raw.githubusercontent.com/luise-strietzel/slurk-bots/master/image_selection/form2/source/15601.png,https://raw.githubusercontent.com/luise-strietzel/slurk-bots/master/image_selection/form2/target/15601.png
https://raw.githubusercontent.com/luise-strietzel/slurk-bots/master/image_selection/form2/source/15625.png,https://raw.githubusercontent.com/luise-strietzel/slurk-bots/master/image_selection/form2/target/15625.png
https://raw.githubusercontent.com/luise-strietzel/slurk-bots/master/image_selection/form2/source/15665.png,https://raw.githubusercontent.com/luise-strietzel/slurk-bots/master/image_selection/form2/target/15665.png
https://raw.githubusercontent.com/luise-strietzel/slurk-bots/master/image_selection/form2/source/15740.png,https://raw.githubusercontent.com/luise-strietzel/slurk-bots/master/image_selection/form2/target/15740.png
https://raw.githubusercontent.com/luise-strietzel/slurk-bots/master/image_selection/form2/source/15747.png,https://raw.githubusercontent.com/luise-strietzel/slurk-bots/master/image_selection/form2/target/15747.png
https://raw.githubusercontent.com/luise-strietzel/slurk-bots/master/image_selection/form2/source/15748.png,https://raw.githubusercontent.com/luise-strietzel/slurk-bots/master/image_selection/form2/target/15748.png
https://raw.githubusercontent.com/luise-strietzel/slurk-bots/master/image_selection/form2/source/15831.png,https://raw.githubusercontent.com/luise-strietzel/slurk-bots/master/image_selection/form2/target/15831.png
https://raw.githubusercontent.com/luise-strietzel/slurk-bots/master/image_selection/form2/source/15880.png,https://raw.githubusercontent.com/luise-strietzel/slurk-bots/master/image_selection/form2/target/15880.png
https://raw.githubusercontent.com/luise-strietzel/slurk-bots/master/image_selection/form2/source/15997.png,https://raw.githubusercontent.com/luise-strietzel/slurk-bots/master/image_selection/form2/target/15997.png
https://raw.githubusercontent.com/luise-strietzel/slurk-bots/master/image_selection/form2/source/16007.png,https://raw.githubusercontent.com/luise-strietzel/slurk-bots/master/image_selection/form2/target/16007.png
https://raw.githubusercontent.com/luise-strietzel/slurk-bots/master/image_selection/form2/source/16103.png,https://raw.githubusercontent.com/luise-strietzel/slurk-bots/master/image_selection/form2/target/16103.png
https://raw.githubusercontent.com/luise-strietzel/slurk-bots/master/image_selection/form2/source/16135.png,https://raw.githubusercontent.com/luise-strietzel/slurk-bots/master/image_selection/form2/target/16135.png
https://raw.githubusercontent.com/luise-strietzel/slurk-bots/master/image_selection/form2/source/16165.png,https://raw.githubusercontent.com/luise-strietzel/slurk-bots/master/image_selection/form2/target/16165.png
https://raw.githubusercontent.com/luise-strietzel/slurk-bots/master/image_selection/form2/source/16175.png,https://raw.githubusercontent.com/luise-strietzel/slurk-bots/master/image_selection/form2/target/16175.png
https://raw.githubusercontent.com/luise-strietzel/slurk-bots/master/image_selection/form2/source/16181.png,https://raw.githubusercontent.com/luise-strietzel/slurk-bots/master/image_selection/form2/target/16181.png
https://raw.githubusercontent.com/luise-strietzel/slurk-bots/master/image_selection/form2/source/16211.png,https://raw.githubusercontent.com/luise-strietzel/slurk-bots/master/image_selection/form2/target/16211.png
https://raw.githubusercontent.com/luise-strietzel/slurk-bots/master/image_selection/form2/source/16291.png,https://raw.githubusercontent.com/luise-strietzel/slurk-bots/master/image_selection/form2/target/16291.png
https://raw.githubusercontent.com/luise-strietzel/slurk-bots/master/image_selection/form2/source/16328.png,https://raw.githubusercontent.com/luise-strietzel/slurk-bots/master/image_selection/form2/target/16328.png
https://raw.githubusercontent.com/luise-strietzel/slurk-bots/master/image_selection/form2/source/16362.png,https://raw.githubusercontent.com/luise-strietzel/slurk-bots/master/image_selection/form2/target/16362.png
https://raw.githubusercontent.com/luise-strietzel/slurk-bots/master/image_selection/form2/source/16382.png,https://raw.githubusercontent.com/luise-strietzel/slurk-bots/master/image_selection/form2/target/16382.png
https://raw.githubusercontent.com/luise-strietzel/slurk-bots/master/image_selection/form2/source/16442.png,https://raw.githubusercontent.com/luise-strietzel/slurk-bots/master/image_selection/form2/target/16442.png
https://raw.githubusercontent.com/luise-strietzel/slurk-bots/master/image_selection/form2/source/16481.png,https://raw.githubusercontent.com/luise-strietzel/slurk-bots/master/image_selection/form2/target/16481.png
https://raw.githubusercontent.com/luise-strietzel/slurk-bots/master/image_selection/form2/source/16718.png,https://raw.githubusercontent.com/luise-strietzel/slurk-bots/master/image_selection/form2/target/16718.png
https://raw.githubusercontent.com/luise-strietzel/slurk-bots/master/image_selection/form2/source/16730.png,https://raw.githubusercontent.com/luise-strietzel/slurk-bots/master/image_selection/form2/target/16730.png
https://raw.githubusercontent.com/luise-strietzel/slurk-bots/master/image_selection/form2/source/16748.png,https://raw.githubusercontent.com/luise-strietzel/slurk-bots/master/image_selection/form2/target/16748.png
https://raw.githubusercontent.com/luise-strietzel/slurk-bots/master/image_selection/form2/source/16785.png,https://raw.githubusercontent.com/luise-strietzel/slurk-bots/master/image_selection/form2/target/16785.png
https://raw.githubusercontent.com/luise-strietzel/slurk-bots/master/image_selection/form2/source/16815.png,https://raw.githubusercontent.com/luise-strietzel/slurk-bots/master/image_selection/form2/target/16815.png
https://raw.githubusercontent.com/luise-strietzel/slurk-bots/master/image_selection/form2/source/16841.png,https://raw.githubusercontent.com/luise-strietzel/slurk-bots/master/image_selection/form2/target/16841.png
https://raw.githubusercontent.com/luise-strietzel/slurk-bots/master/image_selection/form2/source/16929.png,https://raw.githubusercontent.com/luise-strietzel/slurk-bots/master/image_selection/form2/target/16929.png
https://raw.githubusercontent.com/luise-strietzel/slurk-bots/master/image_selection/form2/source/16949.png,https://raw.githubusercontent.com/luise-strietzel/slurk-bots/master/image_selection/form2/target/16949.png
https://raw.githubusercontent.com/luise-strietzel/slurk-bots/master/image_selection/form2/source/16987.png,https://raw.githubusercontent.com/luise-strietzel/slurk-bots/master/image_selection/form2/target/16987.png
https://raw.githubusercontent.com/luise-strietzel/slurk-bots/master/image_selection/form2/source/17006.png,https://raw.githubusercontent.com/luise-strietzel/slurk-bots/master/image_selection/form2/target/17006.png
https://raw.githubusercontent.com/luise-strietzel/slurk-bots/master/image_selection/form2/source/17157.png,https://raw.githubusercontent.com/luise-strietzel/slurk-bots/master/image_selection/form2/target/17157.png
https://raw.githubusercontent.com/luise-strietzel/slurk-bots/master/image_selection/form2/source/17164.png,https://raw.githubusercontent.com/luise-strietzel/slurk-bots/master/image_selection/form2/target/17164.png
https://raw.githubusercontent.com/luise-strietzel/slurk-bots/master/image_selection/form2/source/17211.png,https://raw.githubusercontent.com/luise-strietzel/slurk-bots/master/image_selection/form2/target/17211.png
https://raw.githubusercontent.com/luise-strietzel/slurk-bots/master/image_selection/form2/source/17322.png,https://raw.githubusercontent.com/luise-strietzel/slurk-bots/master/image_selection/form2/target/17322.png
https://raw.githubusercontent.com/luise-strietzel/slurk-bots/master/image_selection/form2/source/17334.png,https://raw.githubusercontent.com/luise-strietzel/slurk-bots/master/image_selection/form2/target/17334.png
https://raw.githubusercontent.com/luise-strietzel/slurk-bots/master/image_selection/form2/source/17345.png,https://raw.githubusercontent.com/luise-strietzel/slurk-bots/master/image_selection/form2/target/17345.png
https://raw.githubusercontent.com/luise-strietzel/slurk-bots/master/image_selection/form2/source/17366.png,https://raw.githubusercontent.com/luise-strietzel/slurk-bots/master/image_selection/form2/target/17366.png
https://raw.githubusercontent.com/luise-strietzel/slurk-bots/master/image_selection/form2/source/17477.png,https://raw.githubusercontent.com/luise-strietzel/slurk-bots/master/image_selection/form2/target/17477.png
https://raw.githubusercontent.com/luise-strietzel/slurk-bots/master/image_selection/form2/source/17510.png,https://raw.githubusercontent.com/luise-strietzel/slurk-bots/master/image_selection/form2/target/17510.png
https://raw.githubusercontent.com/luise-strietzel/slurk-bots/master/image_selection/form2/source/17568.png,https://raw.githubusercontent.com/luise-strietzel/slurk-bots/master/image_selection/form2/target/17568.png
https://raw.githubusercontent.com/luise-strietzel/slurk-bots/master/image_selection/form2/source/17584.png,https://raw.githubusercontent.com/luise-strietzel/slurk-bots/master/image_selection/form2/target/17584.png
https://raw.githubusercontent.com/luise-strietzel/slurk-bots/master/image_selection/form2/source/17668.png,https://raw.githubusercontent.com/luise-strietzel/slurk-bots/master/image_selection/form2/target/17668.png
https://raw.githubusercontent.com/luise-strietzel/slurk-bots/master/image_selection/form2/source/17686.png,https://raw.githubusercontent.com/luise-strietzel/slurk-bots/master/image_selection/form2/target/17686.png
https://raw.githubusercontent.com/luise-strietzel/slurk-bots/master/image_selection/form2/source/17744.png,https://raw.githubusercontent.com/luise-strietzel/slurk-bots/master/image_selection/form2/target/17744.png
https://raw.githubusercontent.com/luise-strietzel/slurk-bots/master/image_selection/form2/source/17815.png,https://raw.githubusercontent.com/luise-strietzel/slurk-bots/master/image_selection/form2/target/17815.png
https://raw.githubusercontent.com/luise-strietzel/slurk-bots/master/image_selection/form2/source/17848.png,https://raw.githubusercontent.com/luise-strietzel/slurk-bots/master/image_selection/form2/target/17848.png
https://raw.githubusercontent.com/luise-strietzel/slurk-bots/master/image_selection/form2/source/17872.png,https://raw.githubusercontent.com/luise-strietzel/slurk-bots/master/image_selection/form2/target/17872.png
https://raw.githubusercontent.com/luise-strietzel/slurk-bots/master/image_selection/form2/source/17976.png,https://raw.githubusercontent.com/luise-strietzel/slurk-bots/master/image_selection/form2/target/17976.png
https://raw.githubusercontent.com/luise-strietzel/slurk-bots/master/image_selection/form2/source/18135.png,https://raw.githubusercontent.com/luise-strietzel/slurk-bots/master/image_selection/form2/target/18135.png
https://raw.githubusercontent.com/luise-strietzel/slurk-bots/master/image_selection/form2/source/18359.png,https://raw.githubusercontent.com/luise-strietzel/slurk-bots/master/image_selection/form2/target/18359.png
https://raw.githubusercontent.com/luise-strietzel/slurk-bots/master/image_selection/form2/source/18378.png,https://raw.githubusercontent.com/luise-strietzel/slurk-bots/master/image_selection/form2/target/18378.png
https://raw.githubusercontent.com/luise-strietzel/slurk-bots/master/image_selection/form2/source/18462.png,https://raw.githubusercontent.com/luise-strietzel/slurk-bots/master/image_selection/form2/target/18462.png
https://raw.githubusercontent.com/luise-strietzel/slurk-bots/master/image_selection/form2/source/18629.png,https://raw.githubusercontent.com/luise-strietzel/slurk-bots/master/image_selection/form2/target/18629.png
https://raw.githubusercontent.com/luise-strietzel/slurk-bots/master/image_selection/form2/source/18643.png,https://raw.githubusercontent.com/luise-strietzel/slurk-bots/master/image_selection/form2/target/18643.png
https://raw.githubusercontent.com/luise-strietzel/slurk-bots/master/image_selection/form2/source/18646.png,https://raw.githubusercontent.com/luise-strietzel/slurk-bots/master/image_selection/form2/target/18646.png
https://raw.githubusercontent.com/luise-strietzel/slurk-bots/master/image_selection/form2/source/18751.png,https://raw.githubusercontent.com/luise-strietzel/slurk-bots/master/image_selection/form2/target/18751.png
https://raw.githubusercontent.com/luise-strietzel/slurk-bots/master/image_selection/form2/source/19050.png,https://raw.githubusercontent.com/luise-strietzel/slurk-bots/master/image_selection/form2/target/19050.png
https://raw.githubusercontent.com/luise-strietzel/slurk-bots/master/image_selection/form2/source/19150.png,https://raw.githubusercontent.com/luise-strietzel/slurk-bots/master/image_selection/form2/target/19150.png
https://raw.githubusercontent.com/luise-strietzel/slurk-bots/master/image_selection/form2/source/19154.png,https://raw.githubusercontent.com/luise-strietzel/slurk-bots/master/image_selection/form2/target/19154.png
https://raw.githubusercontent.com/luise-strietzel/slurk-bots/master/image_selection/form2/source/19185.png,https://raw.githubusercontent.com/luise-strietzel/slurk-bots/master/image_selection/form2/target/19185.png
https://raw.githubusercontent.com/luise-strietzel/slurk-bots/master/image_selection/form2/source/19267.png,https://raw.githubusercontent.com/luise-strietzel/slurk-bots/master/image_selection/form2/target/19267.png
https://raw.githubusercontent.com/luise-strietzel/slurk-bots/master/image_selection/form2/source/19290.png,https://raw.githubusercontent.com/luise-strietzel/slurk-bots/master/image_selection/form2/target/19290.png
https://raw.githubusercontent.com/luise-strietzel/slurk-bots/master/image_selection/form2/source/19346.png,https://raw.githubusercontent.com/luise-strietzel/slurk-bots/master/image_selection/form2/target/19346.png
https://raw.githubusercontent.com/luise-strietzel/slurk-bots/master/image_selection/form2/source/19376.png,https://raw.githubusercontent.com/luise-strietzel/slurk-bots/master/image_selection/form2/target/19376.png
https://raw.githubusercontent.com/luise-strietzel/slurk-bots/master/image_selection/form2/source/19457.png,https://raw.githubusercontent.com/luise-strietzel/slurk-bots/master/image_selection/form2/target/19457.png
https://raw.githubusercontent.com/luise-strietzel/slurk-bots/master/image_selection/form2/source/19485.png,https://raw.githubusercontent.com/luise-strietzel/slurk-bots/master/image_selection/form2/target/19485.png
https://raw.githubusercontent.com/luise-strietzel/slurk-bots/master/image_selection/form2/source/19489.png,https://raw.githubusercontent.com/luise-strietzel/slurk-bots/master/image_selection/form2/target/19489.png
https://raw.githubusercontent.com/luise-strietzel/slurk-bots/master/image_selection/form2/source/19534.png,https://raw.githubusercontent.com/luise-strietzel/slurk-bots/master/image_selection/form2/target/19534.png
https://raw.githubusercontent.com/luise-strietzel/slurk-bots/master/image_selection/form2/source/19594.png,https://raw.githubusercontent.com/luise-strietzel/slurk-bots/master/image_selection/form2/target/19594.png
https://raw.githubusercontent.com/luise-strietzel/slurk-bots/master/image_selection/form2/source/19602.png,https://raw.githubusercontent.com/luise-strietzel/slurk-bots/master/image_selection/form2/target/19602.png
https://raw.githubusercontent.com/luise-strietzel/slurk-bots/master/image_selection/form2/source/19801.png,https://raw.githubusercontent.com/luise-strietzel/slurk-bots/master/image_selection/form2/target/19801.png
https://raw.githubusercontent.com/luise-strietzel/slurk-bots/master/image_selection/form2/source/20182.png,https://raw.githubusercontent.com/luise-strietzel/slurk-bots/master/image_selection/form2/target/20182.png
https://raw.githubusercontent.com/luise-strietzel/slurk-bots/master/image_selection/form2/source/20216.png,https://raw.githubusercontent.com/luise-strietzel/slurk-bots/master/image_selection/form2/target/20216.png
https://raw.githubusercontent.com/luise-strietzel/slurk-bots/master/image_selection/form2/source/20298.png,https://raw.githubusercontent.com/luise-strietzel/slurk-bots/master/image_selection/form2/target/20298.png
https://raw.githubusercontent.com/luise-strietzel/slurk-bots/master/image_selection/form2/source/20306.png,https://raw.githubusercontent.com/luise-strietzel/slurk-bots/master/image_selection/form2/target/20306.png
https://raw.githubusercontent.com/luise-strietzel/slurk-bots/master/image_selection/form2/source/20380.png,https://raw.githubusercontent.com/luise-strietzel/slurk-bots/master/image_selection/form2/target/20380.png
https://raw.githubusercontent.com/luise-strietzel/slurk-bots/master/image_selection/form2/source/20384.png,https://raw.githubusercontent.com/luise-strietzel/slurk-bots/master/image_selection/form2/target/20384.png
https://raw.githubusercontent.com/luise-strietzel/slurk-bots/master/image_selection/form2/source/20428.png,https://raw.githubusercontent.com/luise-strietzel/slurk-bots/master/image_selection/form2/target/20428.png
https://raw.githubusercontent.com/luise-strietzel/slurk-bots/master/image_selection/form2/source/20435.png,https://raw.githubusercontent.com/luise-strietzel/slurk-bots/master/image_selection/form2/target/20435.png
https://raw.githubusercontent.com/luise-strietzel/slurk-bots/master/image_selection/form2/source/20438.png,https://raw.githubusercontent.com/luise-strietzel/slurk-bots/master/image_selection/form2/target/20438.png
https://raw.githubusercontent.com/luise-strietzel/slurk-bots/master/image_selection/form2/source/20481.png,https://raw.githubusercontent.com/luise-strietzel/slurk-bots/master/image_selection/form2/target/20481.png
https://raw.githubusercontent.com/luise-strietzel/slurk-bots/master/image_selection/form2/source/20566.png,https://raw.githubusercontent.com/luise-strietzel/slurk-bots/master/image_selection/form2/target/20566.png
https://raw.githubusercontent.com/luise-strietzel/slurk-bots/master/image_selection/form2/source/20736.png,https://raw.githubusercontent.com/luise-strietzel/slurk-bots/master/image_selection/form2/target/20736.png
https://raw.githubusercontent.com/luise-strietzel/slurk-bots/master/image_selection/form2/source/20844.png,https://raw.githubusercontent.com/luise-strietzel/slurk-bots/master/image_selection/form2/target/20844.png
https://raw.githubusercontent.com/luise-strietzel/slurk-bots/master/image_selection/form2/source/20892.png,https://raw.githubusercontent.com/luise-strietzel/slurk-bots/master/image_selection/form2/target/20892.png
https://raw.githubusercontent.com/luise-strietzel/slurk-bots/master/image_selection/form2/source/20935.png,https://raw.githubusercontent.com/luise-strietzel/slurk-bots/master/image_selection/form2/target/20935.png
https://raw.githubusercontent.com/luise-strietzel/slurk-bots/master/image_selection/form2/source/21042.png,https://raw.githubusercontent.com/luise-strietzel/slurk-bots/master/image_selection/form2/target/21042.png
https://raw.githubusercontent.com/luise-strietzel/slurk-bots/master/image_selection/form2/source/21064.png,https://raw.githubusercontent.com/luise-strietzel/slurk-bots/master/image_selection/form2/target/21064.png
https://raw.githubusercontent.com/luise-strietzel/slurk-bots/master/image_selection/form2/source/21082.png,https://raw.githubusercontent.com/luise-strietzel/slurk-bots/master/image_selection/form2/target/21082.png
https://raw.githubusercontent.com/luise-strietzel/slurk-bots/master/image_selection/form2/source/21131.png,https://raw.githubusercontent.com/luise-strietzel/slurk-bots/master/image_selection/form2/target/21131.png
https://raw.githubusercontent.com/luise-strietzel/slurk-bots/master/image_selection/form2/source/21255.png,https://raw.githubusercontent.com/luise-strietzel/slurk-bots/master/image_selection/form2/target/21255.png
https://raw.githubusercontent.com/luise-strietzel/slurk-bots/master/image_selection/form2/source/5251.png,https://raw.githubusercontent.com/luise-strietzel/slurk-bots/master/image_selection/form2/target/5251.png
https://raw.githubusercontent.com/luise-strietzel/slurk-bots/master/image_selection/form2/source/5349.png,https://raw.githubusercontent.com/luise-strietzel/slurk-bots/master/image_selection/form2/target/5349.png
https://raw.githubusercontent.com/luise-strietzel/slurk-bots/master/image_selection/form2/source/5613.png,https://raw.githubusercontent.com/luise-strietzel/slurk-bots/master/image_selection/form2/target/5613.png
https://raw.githubusercontent.com/luise-strietzel/slurk-bots/master/image_selection/form2/source/5621.png,https://raw.githubusercontent.com/luise-strietzel/slurk-bots/master/image_selection/form2/target/5621.png
https://raw.githubusercontent.com/luise-strietzel/slurk-bots/master/image_selection/form2/source/5630.png,https://raw.githubusercontent.com/luise-strietzel/slurk-bots/master/image_selection/form2/target/5630.png
https://raw.githubusercontent.com/luise-strietzel/slurk-bots/master/image_selection/form2/source/5746.png,https://raw.githubusercontent.com/luise-strietzel/slurk-bots/master/image_selection/form2/target/5746.png
https://raw.githubusercontent.com/luise-strietzel/slurk-bots/master/image_selection/form2/source/5750.png,https://raw.githubusercontent.com/luise-strietzel/slurk-bots/master/image_selection/form2/target/5750.png
https://raw.githubusercontent.com/luise-strietzel/slurk-bots/master/image_selection/form2/source/5782.png,https://raw.githubusercontent.com/luise-strietzel/slurk-bots/master/image_selection/form2/target/5782.png
https://raw.githubusercontent.com/luise-strietzel/slurk-bots/master/image_selection/form2/source/5916.png,https://raw.githubusercontent.com/luise-strietzel/slurk-bots/master/image_selection/form2/target/5916.png
https://raw.githubusercontent.com/luise-strietzel/slurk-bots/master/image_selection/form2/source/5949.png,https://raw.githubusercontent.com/luise-strietzel/slurk-bots/master/image_selection/form2/target/5949.png
https://raw.githubusercontent.com/luise-strietzel/slurk-bots/master/image_selection/form2/source/6192.png,https://raw.githubusercontent.com/luise-strietzel/slurk-bots/master/image_selection/form2/target/6192.png
https://raw.githubusercontent.com/luise-strietzel/slurk-bots/master/image_selection/form2/source/6214.png,https://raw.githubusercontent.com/luise-strietzel/slurk-bots/master/image_selection/form2/target/6214.png
https://raw.githubusercontent.com/luise-strietzel/slurk-bots/master/image_selection/form2/source/6216.png,https://raw.githubusercontent.com/luise-strietzel/slurk-bots/master/image_selection/form2/target/6216.png
https://raw.githubusercontent.com/luise-strietzel/slurk-bots/master/image_selection/form2/source/6386.png,https://raw.githubusercontent.com/luise-strietzel/slurk-bots/master/image_selection/form2/target/6386.png
https://raw.githubusercontent.com/luise-strietzel/slurk-bots/master/image_selection/form2/source/6395.png,https://raw.githubusercontent.com/luise-strietzel/slurk-bots/master/image_selection/form2/target/6395.png
https://raw.githubusercontent.com/luise-strietzel/slurk-bots/master/image_selection/form2/source/6412.png,https://raw.githubusercontent.com/luise-strietzel/slurk-bots/master/image_selection/form2/target/6412.png
https://raw.githubusercontent.com/luise-strietzel/slurk-bots/master/image_selection/form2/source/6493.png,https://raw.githubusercontent.com/luise-strietzel/slurk-bots/master/image_selection/form2/target/6493.png
https://raw.githubusercontent.com/luise-strietzel/slurk-bots/master/image_selection/form2/source/6573.png,https://raw.githubusercontent.com/luise-strietzel/slurk-bots/master/image_selection/form2/target/6573.png
https://raw.githubusercontent.com/luise-strietzel/slurk-bots/master/image_selection/form2/source/6594.png,https://raw.githubusercontent.com/luise-strietzel/slurk-bots/master/image_selection/form2/target/6594.png
https://raw.githubusercontent.com/luise-strietzel/slurk-bots/master/image_selection/form2/source/6766.png,https://raw.githubusercontent.com/luise-strietzel/slurk-bots/master/image_selection/form2/target/6766.png
https://raw.githubusercontent.com/luise-strietzel/slurk-bots/master/image_selection/form2/source/6789.png,https://raw.githubusercontent.com/luise-strietzel/slurk-bots/master/image_selection/form2/target/6789.png
https://raw.githubusercontent.com/luise-strietzel/slurk-bots/master/image_selection/form2/source/6793.png,https://raw.githubusercontent.com/luise-strietzel/slurk-bots/master/image_selection/form2/target/6793.png
https://raw.githubusercontent.com/luise-strietzel/slurk-bots/master/image_selection/form2/source/6809.png,https://raw.githubusercontent.com/luise-strietzel/slurk-bots/master/image_selection/form2/target/6809.png
https://raw.githubusercontent.com/luise-strietzel/slurk-bots/master/image_selection/form2/source/6879.png,https://raw.githubusercontent.com/luise-strietzel/slurk-bots/master/image_selection/form2/target/6879.png
https://raw.githubusercontent.com/luise-strietzel/slurk-bots/master/image_selection/form2/source/6894.png,https://raw.githubusercontent.com/luise-strietzel/slurk-bots/master/image_selection/form2/target/6894.png
https://raw.githubusercontent.com/luise-strietzel/slurk-bots/master/image_selection/form2/source/6990.png,https://raw.githubusercontent.com/luise-strietzel/slurk-bots/master/image_selection/form2/target/6990.png
https://raw.githubusercontent.com/luise-strietzel/slurk-bots/master/image_selection/form2/source/7108.png,https://raw.githubusercontent.com/luise-strietzel/slurk-bots/master/image_selection/form2/target/7108.png
https://raw.githubusercontent.com/luise-strietzel/slurk-bots/master/image_selection/form2/source/7195.png,https://raw.githubusercontent.com/luise-strietzel/slurk-bots/master/image_selection/form2/target/7195.png
https://raw.githubusercontent.com/luise-strietzel/slurk-bots/master/image_selection/form2/source/7279.png,https://raw.githubusercontent.com/luise-strietzel/slurk-bots/master/image_selection/form2/target/7279.png
https://raw.githubusercontent.com/luise-strietzel/slurk-bots/master/image_selection/form2/source/7372.png,https://raw.githubusercontent.com/luise-strietzel/slurk-bots/master/image_selection/form2/target/7372.png
https://raw.githubusercontent.com/luise-strietzel/slurk-bots/master/image_selection/form2/source/7433.png,https://raw.githubusercontent.com/luise-strietzel/slurk-bots/master/image_selection/form2/target/7433.png
https://raw.githubusercontent.com/luise-strietzel/slurk-bots/master/image_selection/form2/source/7450.png,https://raw.githubusercontent.com/luise-strietzel/slurk-bots/master/image_selection/form2/target/7450.png
https://raw.githubusercontent.com/luise-strietzel/slurk-bots/master/image_selection/form2/source/7459.png,https://raw.githubusercontent.com/luise-strietzel/slurk-bots/master/image_selection/form2/target/7459.png
https://raw.githubusercontent.com/luise-strietzel/slurk-bots/master/image_selection/form2/source/7526.png,https://raw.githubusercontent.com/luise-strietzel/slurk-bots/master/image_selection/form2/target/7526.png
https://raw.githubusercontent.com/luise-strietzel/slurk-bots/master/image_selection/form2/source/7638.png,https://raw.githubusercontent.com/luise-strietzel/slurk-bots/master/image_selection/form2/target/7638.png
https://raw.githubusercontent.com/luise-strietzel/slurk-bots/master/image_selection/form2/source/7692.png,https://raw.githubusercontent.com/luise-strietzel/slurk-bots/master/image_selection/form2/target/7692.png
https://raw.githubusercontent.com/luise-strietzel/slurk-bots/master/image_selection/form2/source/7770.png,https://raw.githubusercontent.com/luise-strietzel/slurk-bots/master/image_selection/form2/target/7770.png
https://raw.githubusercontent.com/luise-strietzel/slurk-bots/master/image_selection/form2/source/7791.png,https://raw.githubusercontent.com/luise-strietzel/slurk-bots/master/image_selection/form2/target/7791.png
https://raw.githubusercontent.com/luise-strietzel/slurk-bots/master/image_selection/form2/source/7803.png,https://raw.githubusercontent.com/luise-strietzel/slurk-bots/master/image_selection/form2/target/7803.png
https://raw.githubusercontent.com/luise-strietzel/slurk-bots/master/image_selection/form2/source/7824.png,https://raw.githubusercontent.com/luise-strietzel/slurk-bots/master/image_selection/form2/target/7824.png
https://raw.githubusercontent.com/luise-strietzel/slurk-bots/master/image_selection/form2/source/7898.png,https://raw.githubusercontent.com/luise-strietzel/slurk-bots/master/image_selection/form2/target/7898.png
https://raw.githubusercontent.com/luise-strietzel/slurk-bots/master/image_selection/form2/source/7905.png,https://raw.githubusercontent.com/luise-strietzel/slurk-bots/master/image_selection/form2/target/7905.png
https://raw.githubusercontent.com/luise-strietzel/slurk-bots/master/image_selection/form2/source/7946.png,https://raw.githubusercontent.com/luise-strietzel/slurk-bots/master/image_selection/form2/target/7946.png
https://raw.githubusercontent.com/luise-strietzel/slurk-bots/master/image_selection/form2/source/8037.png,https://raw.githubusercontent.com/luise-strietzel/slurk-bots/master/image_selection/form2/target/8037.png
https://raw.githubusercontent.com/luise-strietzel/slurk-bots/master/image_selection/form2/source/8056.png,https://raw.githubusercontent.com/luise-strietzel/slurk-bots/master/image_selection/form2/target/8056.png
https://raw.githubusercontent.com/luise-strietzel/slurk-bots/master/image_selection/form2/source/8094.png,https://raw.githubusercontent.com/luise-strietzel/slurk-bots/master/image_selection/form2/target/8094.png
https://raw.githubusercontent.com/luise-strietzel/slurk-bots/master/image_selection/form2/source/8130.png,https://raw.githubusercontent.com/luise-strietzel/slurk-bots/master/image_selection/form2/target/8130.png
https://raw.githubusercontent.com/luise-strietzel/slurk-bots/master/image_selection/form2/source/8159.png,https://raw.githubusercontent.com/luise-strietzel/slurk-bots/master/image_selection/form2/target/8159.png
https://raw.githubusercontent.com/luise-strietzel/slurk-bots/master/image_selection/form2/source/8218.png,https://raw.githubusercontent.com/luise-strietzel/slurk-bots/master/image_selection/form2/target/8218.png
https://raw.githubusercontent.com/luise-strietzel/slurk-bots/master/image_selection/form2/source/8268.png,https://raw.githubusercontent.com/luise-strietzel/slurk-bots/master/image_selection/form2/target/8268.png
https://raw.githubusercontent.com/luise-strietzel/slurk-bots/master/image_selection/form2/source/8373.png,https://raw.githubusercontent.com/luise-strietzel/slurk-bots/master/image_selection/form2/target/8373.png
https://raw.githubusercontent.com/luise-strietzel/slurk-bots/master/image_selection/form2/source/8377.png,https://raw.githubusercontent.com/luise-strietzel/slurk-bots/master/image_selection/form2/target/8377.png
https://raw.githubusercontent.com/luise-strietzel/slurk-bots/master/image_selection/form2/source/8472.png,https://raw.githubusercontent.com/luise-strietzel/slurk-bots/master/image_selection/form2/target/8472.png
https://raw.githubusercontent.com/luise-strietzel/slurk-bots/master/image_selection/form2/source/8498.png,https://raw.githubusercontent.com/luise-strietzel/slurk-bots/master/image_selection/form2/target/8498.png
https://raw.githubusercontent.com/luise-strietzel/slurk-bots/master/image_selection/form2/source/8500.png,https://raw.githubusercontent.com/luise-strietzel/slurk-bots/master/image_selection/form2/target/8500.png
https://raw.githubusercontent.com/luise-strietzel/slurk-bots/master/image_selection/form2/source/8505.png,https://raw.githubusercontent.com/luise-strietzel/slurk-bots/master/image_selection/form2/target/8505.png
https://raw.githubusercontent.com/luise-strietzel/slurk-bots/master/image_selection/form2/source/8560.png,https://raw.githubusercontent.com/luise-strietzel/slurk-bots/master/image_selection/form2/target/8560.png
https://raw.githubusercontent.com/luise-strietzel/slurk-bots/master/image_selection/form2/source/8581.png,https://raw.githubusercontent.com/luise-strietzel/slurk-bots/master/image_selection/form2/target/8581.png
https://raw.githubusercontent.com/luise-strietzel/slurk-bots/master/image_selection/form2/source/8690.png,https://raw.githubusercontent.com/luise-strietzel/slurk-bots/master/image_selection/form2/target/8690.png
https://raw.githubusercontent.com/luise-strietzel/slurk-bots/master/image_selection/form2/source/8764.png,https://raw.githubusercontent.com/luise-strietzel/slurk-bots/master/image_selection/form2/target/8764.png
https://raw.githubusercontent.com/luise-strietzel/slurk-bots/master/image_selection/form2/source/8938.png,https://raw.githubusercontent.com/luise-strietzel/slurk-bots/master/image_selection/form2/target/8938.png
https://raw.githubusercontent.com/luise-strietzel/slurk-bots/master/image_selection/form2/source/9015.png,https://raw.githubusercontent.com/luise-strietzel/slurk-bots/master/image_selection/form2/target/9015.png
https://raw.githubusercontent.com/luise-strietzel/slurk-bots/master/image_selection/form2/source/9108.png,https://raw.githubusercontent.com/luise-strietzel/slurk-bots/master/image_selection/form2/target/9108.png
https://raw.githubusercontent.com/luise-strietzel/slurk-bots/master/image_selection/form2/source/9403.png,https://raw.githubusercontent.com/luise-strietzel/slurk-bots/master/image_selection/form2/target/9403.png
https://raw.githubusercontent.com/luise-strietzel/slurk-bots/master/image_selection/form2/source/9459.png,https://raw.githubusercontent.com/luise-strietzel/slurk-bots/master/image_selection/form2/target/9459.png
https://raw.githubusercontent.com/luise-strietzel/slurk-bots/master/image_selection/form2/source/9472.png,https://raw.githubusercontent.com/luise-strietzel/slurk-bots/master/image_selection/form2/target/9472.png
https://raw.githubusercontent.com/luise-strietzel/slurk-bots/master/image_selection/form2/source/9495.png,https://raw.githubusercontent.com/luise-strietzel/slurk-bots/master/image_selection/form2/target/9495.png
https://raw.githubusercontent.com/luise-strietzel/slurk-bots/master/image_selection/form2/source/9498.png,https://raw.githubusercontent.com/luise-strietzel/slurk-bots/master/image_selection/form2/target/9498.png
https://raw.githubusercontent.com/luise-strietzel/slurk-bots/master/image_selection/form2/source/9662.png,https://raw.githubusercontent.com/luise-strietzel/slurk-bots/master/image_selection/form2/target/9662.png
https://raw.githubusercontent.com/luise-strietzel/slurk-bots/master/image_selection/form2/source/9690.png,https://raw.githubusercontent.com/luise-strietzel/slurk-bots/master/image_selection/form2/target/9690.png
https://raw.githubusercontent.com/luise-strietzel/slurk-bots/master/image_selection/form2/source/9708.png,https://raw.githubusercontent.com/luise-strietzel/slurk-bots/master/image_selection/form2/target/9708.png
https://raw.githubusercontent.com/luise-strietzel/slurk-bots/master/image_selection/form2/source/9792.png,https://raw.githubusercontent.com/luise-strietzel/slurk-bots/master/image_selection/form2/target/9792.png
https://raw.githubusercontent.com/luise-strietzel/slurk-bots/master/image_selection/form2/source/9898.png,https://raw.githubusercontent.com/luise-strietzel/slurk-bots/master/image_selection/form2/target/9898.png
https://raw.githubusercontent.com/luise-strietzel/slurk-bots/master/image_selection/form2/source/9931.png,https://raw.githubusercontent.com/luise-strietzel/slurk-bots/master/image_selection/form2/target/9931.png
